Name,State,District,Year,Primary_Date,Bioguide_ID,Margin,Source,pres_year,cd_state,total_dem,total_rep,total_votes,dem_share,competitive,district_type
Cori Bush,MO,1,2024,2024-08-06T00:00:00Z,B001224,5.5,MO SoS,2020,Missouri,593690.3103647999,299347.31382434,908767.2202863601,0.6532919510209921,FALSE,Safe
Jamaal Bowman,NY,16,2024,2024-06-25T00:00:00Z,B001223,17.2,Ballotpedia,2020,New York,170591.62256771,53125.49609933,225931.01293012,0.7550606725269436,FALSE,Safe
Jerry Carl,AL,1,2024,2024-03-05T00:00:00Z,C001054,3.4,Ballotpedia,2020,Alabama,116785.89596925,209770.5812474,330814.20913225,0.35302563416362315,FALSE,Safe
Bob Good,VA,5,2024,2024-06-18T00:00:00Z,G000595,0.6,FEC,2020,Virginia,196373.8702909462,254517.60239154779,458423.1788602575,0.4283681090890202,FALSE,Safe
Carolyn Bourdeaux,GA,7,2022,2022-05-24T00:00:00Z,B001312,32.5,GA SoS,2020,Georgia,378718.09510757006,327426.27654417,716405.78739741,0.5286362865428454,TRUE,Competitive
Rodney Davis,IL,15,2022,2022-06-28T00:00:00Z,D000619,14.9,IL SoS,2020,Illinois,95006.50359742001,234702.76837299002,336635.0635316,0.28222402800444385,FALSE,Safe
Marie Newman,IL,6,2022,2022-06-28T00:00:00Z,N000192,38.4,IL SoS,2020,Illinois,294348.38789665897,178486.18318731702,484093.80143719504,0.608039985273075,FALSE,Safe
Andy Levin,MI,11,2022,2022-08-02T00:00:00Z,L000592,19.9,MI SoS,2020,Michigan,298438.7853742,189744.31336330998,495590.45318411,0.6021883259791752,FALSE,Safe
Peter Meijer,MI,3,2022,2022-08-02T00:00:00Z,M001186,3.5,MI SoS,2020,Michigan,193805.19175051202,206553.20731474002,409235.03020148206,0.4735791842039874,TRUE,Competitive
Steven Palazzo,MS,4,2022,2022-06-28T00:00:00Z,P000601,8.2,MS SoS,2020,Mississippi,96820.89148014001,218941.36615501,320622.58039514,0.30197776887958583,FALSE,Safe
Madison Cawthorn,NC,11,2022,2022-05-17T00:00:00Z,C001104,1.6,NC SoS,2020,North Carolina,169101.49187682653,264324.99148107285,439871.1051904389,0.3844341896556613,FALSE,Safe
Mondaire Jones,NY,10,2022,2022-08-23T00:00:00Z,J000306,7.8,FEC,2020,New York,270931.8308149,50109.0275979,325204.85395633004,0.8331112759198912,FALSE,Safe
Carolyn Maloney,NY,12,2022,2022-08-23T00:00:00Z,M000087,31,FEC,2020,New York,226128.27172382004,42626.215740535,272260.09790519,0.8305597238217602,FALSE,Safe
Kurt Schrader,OR,5,2022,2022-05-17T00:00:00Z,S001180,9.7,FEC,2020,Oregon,230912.30955845086,201252.728633797,446687.6141405303,0.5169436139453928,TRUE,Competitive
Tom Rice,SC,7,2022,2022-06-14T00:00:00Z,R000597,26.5,FEC,2020,South Carolina,13.489824230700002,19.346554407880003,33.097921475190006,0.40757315352300566,FALSE,Safe
Jaime Herrera Beutler,WA,3,2022,2022-08-02T00:00:00Z,H001056,8.7,FEC,2020,Washington,205240.12349113493,216252.5512364265,435180.3047250252,0.47162089199054813,TRUE,Competitive
David McKinley,WV,2,2022,2022-05-10T00:00:00Z,M001180,18.7,FEC,2020,West Virginia,92623,184784,282576,0.3277808447992752,FALSE,Safe
Liz Cheney,WY,1,2022,2022-08-16T00:00:00Z,C001109,37.4,FEC,2020,Wyoming,NA,NA,NA,NA,NA,Unknown
Scott Tipton,CO,3,2020,2020-06-30T00:00:00Z,T000470,9.2,CO SoS,2016,Colorado,150959.63119459,195198.70582590002,376302.13281943,0.401166025989623,FALSE,Safe
Ross Spano,FL,15,2020,2020-08-18T00:00:00Z,S001210,2.4,FL SoS,2016,Florida,174809.34455908,177656.5719324,369470.01079076005,0.47313540870324877,TRUE,Competitive
Steve King,IA,4,2020,2020-06-02T00:00:00Z,K000362,9.4,IA SoS,2016,Iowa,127401,231229,383739,0.33199909313361425,FALSE,Safe
Daniel Lipinksi,IL,3,2020,2020-03-17T00:00:00Z,L000563,2.5,IL SoS,2016,Illinois,282553.88918643724,95591.886350349,399935.6857443524,0.706498317749649,FALSE,Safe
Steve Watkins,KS,2,2020,2020-08-04T00:00:00Z,W000824,15.2,KS SoS,2016,Kansas,110858.22158510999,165807.95155397,299833.05215148,0.3697331591351804,FALSE,Safe
William Lacy Clay,MO,1,2020,2020-08-04T00:00:00Z,C001049,2.9,MO SoS,2016,Missouri,529611.05248548,302461.87063512,883508.7543903601,0.5994406392168948,FALSE,Safe
Eliot Engel,NY,16,2020,2020-06-23T00:00:00Z,E000179,14.8,FEC,2016,New York,160366.74200374,41758.76993742,208262.85072235,0.7700208724096276,FALSE,Safe
Michael Capuano,MA,7,2018,2018-09-04T00:00:00Z,C001037,17.2,MA SoS,2016,Massachusetts,179718.210189424,42399.347480722005,235499.79117047004,0.7631353271958202,FALSE,Safe
Robert Pittenger,NC,9,2018,2018-05-08T00:00:00Z,P000606,2.3,NC SoS,2016,North Carolina,212701.38022603997,164885.30409915998,395830.47643189004,0.5373547336308734,TRUE,Competitive
Joseph Crowley,NY,14,2018,2018-06-26T00:00:00Z,C001038,13.5,FEC,2016,New York,175598.75636646,30960.81715461,211610.23928814,0.8298216426444053,FALSE,Safe
Mark Sanford,SC,1,2018,2018-06-12T00:00:00Z,S000051,4.1,FEC,2016,South Carolina,NA,NA,NA,NA,NA,Unknown
Corrine Brown,FL,5,2016,2016-08-30T00:00:00Z,B000911,8.6,FL SoS,2012,Florida,208511.9109638414,284190.3373784203,498016.6510416061,0.418684617327025,FALSE,Safe
Tim Huelskamp,KS,1,2016,2016-08-02T00:00:00Z,H001057,13.1,KS SoS,2012,Kansas,64361.61159821171,177755.336374126,247664.96188439638,0.25987370643189345,FALSE,Safe
Renee Ellmers,NC,2,2016,2016-06-07T00:00:00Z,E000291,29.8,NC SoS,2012,North Carolina,160156.17251120438,177358.68992343632,341437.71548041754,0.4690640935371119,TRUE,Competitive
Chaka Fattah,PA,2,2016,2016-04-26T00:00:00Z,F000043,7.8,FEC,2012,Pennsylvania,226345.357293784,40194.308325394,268538.70599712,0.8428779622413594,FALSE,Safe
ca,VA,2,2016,2016-06-14T00:00:00Z,F000445,11.9,FEC,2012,Virginia,160022.17193815002,130735.20501679,295104.83200130996,0.5422553431366373,TRUE,Competitive
John Tierney,MA,6,2014,2014-09-09T00:00:00Z,T000266,10.7,MA SoS,2012,Massachusetts,211523.44902611998,143028.14935845003,360459.63567582,0.5868159097190954,FALSE,Safe
Kerry Bentivolio,MI,11,2014,2014-08-05T00:00:00Z,B001280,32.8,MI SoS,2012,Michigan,282796.58981402,143418.01974794,429747.85491167,0.6580523592657508,FALSE,Safe
Eric Cantor,VA,7,2014,2014-06-10T00:00:00Z,C001046,11.1,FEC,2012,Virginia,183444.6584062568,195891.85205054932,384950.741056063,0.4765406033587568,TRUE,Competitive
Ralph Hall,TX,4,2014,2014-05-27T00:00:00Z,H000067,5.6,TX SoS,2012,Texas,96389.15826983763,242818.47017499263,343731.5752092963,0.28041985439116784,FALSE,Safe
Clifford Bundy Stearns,FL,3,2012,2012-08-14T00:00:00Z,S000822,1.4,FL SoS,2008,Florida,112530318.65598714,96142245.71862525,211690483.97531238,0.5315794859683469,TRUE,Competitive
Sandy Adams,FL,7,2012,2012-08-14T00:00:00Z,A000366,22.4,FL SoS,2008,Florida,220421243.0895907,188320743.8477899,414653403.5038318,0.5315794859683427,TRUE,Competitive
Donald A. Manzullo,IL,16,2012,2012-03-20T00:00:00Z,M001138,7.9,IL SoS,2008,Illinois,459740304.82951146,392787169.5520465,864857122.9042717,0.5315794859683415,TRUE,Competitive
Hansen Clarke,MI,14,2012,2012-08-07T00:00:00Z,C001085,11.8,MI SoS,2008,Michigan,14842671.120066414,12681095.645953268,27921828.27188767,0.5315794859683437,TRUE,Competitive
Russ Carnahan,MO,1,2012,2012-08-07T00:00:00Z,C001060,29.4,MO SoS,2008,Missouri,62065509.6172369,53026753.56775587,116756780.98107189,0.5315794859683456,TRUE,Competitive
Steven Rothman,NJ,9,2012,2012-06-05T00:00:00Z,R000462,22.4,NJ SoS,2008,New Jersey,48011694.52532875,41019630.86528752,90318937.79322429,0.5315794859683411,TRUE,Competitive
Benjamin Quayle,AZ,6,2012,2012-08-28T00:00:00Z,Q000024,3,FEC,2008,Arizona,29409309.456220686,25126357.8556004,55324387.476404965,0.5315794859683413,TRUE,Competitive
Dennis J. Kucinich,OH,9,2012,2012-03-06T00:00:00Z,K000336,16.2,FEC,2008,Ohio,212128854.7111124,181235996.81605697,399053876.81522334,0.5315794859683468,TRUE,Competitive
Jean Schmidt,OH,2,2012,2012-03-06T00:00:00Z,S001164,5.9,FEC,2008,Ohio,344852505.9790765,294630769.4007437,648731779.6902615,0.5315794859683414,TRUE,Competitive
John Sullivan,OK,1,2012,2012-06-26T00:00:00Z,S001155,7.7,FEC,2008,Oklahoma,213515221.02183592,182420463.11894715,401661890.00482166,0.5315794859683423,TRUE,Competitive
Jason Altmire,PA,12,2012,2012-04-24T00:00:00Z,A000362,2.3,FEC,2008,Pennsylvania,266558266.14347535,227738716.35645005,501445735.1714827,0.5315794859683445,TRUE,Competitive
Tim Holden,PA,17,2012,2012-04-24T00:00:00Z,H000712,14.3,Ballotpedia,2008,Pennsylvania,240167929.11342195,205191670.3901347,451800596.99994504,0.5315794859683445,TRUE,Competitive
Silvestre Reyes,TX,16,2012,2012-05-29T00:00:00Z,R000170,6.1,TX SoS,2008,Texas,59920489.64508217,51194118.24158517,112721598.9833186,0.5315794859683428,TRUE,Competitive
Carolyn Cheeks Kilpatrick,MI,13,2010,2010-08-03T00:00:00Z,K000180,6.4,MI SoS,2008,Michigan,13363176.442627313,11417063.494292963,25138623.282808665,0.5315794859683455,TRUE,Competitive
Parker Griffith,AL,5,2010,2010-06-01T00:00:00Z,G000557,17.4,FEC,2008,Alabama,421438359.17728794,360063232.4444381,792804030.8206831,0.5315794859683416,TRUE,Competitive
Bob Inglis,SC,4,2010,2010-06-22T00:00:00Z,I000023,41.3,FEC,2008,South Carolina,196502003.42468396,167884923.13091865,369656859.626043,0.5315794859683433,TRUE,Competitive
Alan Mollohan,WV,1,2010,2010-05-11T00:00:00Z,M000844,11.8,FEC,2008,West Virginia,1288980091.763156,1101262683.5933683,2424811577.171944,0.5315794859683458,TRUE,Competitive
Wayne Gilchrest,MD,1,2008,2008-02-12T00:00:00Z,G000180,10.3,MD SoS,2004,Maryland,542766075.5841477,566716177.5497904,1120775035.110715,0.48427744960480046,TRUE,Competitive
Al Wynn,MD,4,2008,2008-02-12T00:00:00Z,W000784,22,MD SoS,2004,Maryland,45034117.08056145,47021293.038180575,92992389.21265492,0.4842774496048001,TRUE,Competitive
David Davis,TN,1,2008,2008-08-07T00:00:00Z,D000606,0.9,FEC,2004,Tennessee,613491180.6672666,640562099.4165455,1266817567.425264,0.4842774496048024,TRUE,Competitive
Chris Cannon,UT,3,2008,2008-06-24T00:00:00Z,C000116,19.6,FEC,2004,Utah,319522033.5017506,333621266.35155445,659791269.9889183,0.4842774496048079,TRUE,Competitive
Cynthia McKinney,GA,4,2006,2006-08-08T00:00:00Z,M000523,17.6,GA SoS,2004,Georgia,50098006.08765179,52308631.2686442,103448975.64099884,0.48427744960479796,TRUE,Competitive
Joe Schwarz,MI,7,2006,2006-08-08T00:00:00Z,S001161,6.3,MI SoS,2004,Michigan,347118404.3494618,362435354.97017515,716775899.0899358,0.4842774496048003,TRUE,Competitive
Chris Bell,TX,9,2004,2004-03-09T00:00:00Z,B001241,35.2,TX SoS,2000,Texas,NA,NA,NA,NA,NA,Unknown
Ciro Rodriguez,TX,28,2004,2004-03-09T00:00:00Z,R000568,0.4,TX SoS,2000,Texas,NA,NA,NA,NA,NA,Unknown
Earl Hilliard,AL,7,2002,2002-06-25T00:00:00Z,H000621,12,FEC,2000,Alabama,NA,NA,NA,NA,NA,Unknown
Thomas C. Sawyer,OH,17,2002,2002-05-07T00:00:00Z,S000094,13.8,FEC,2000,Ohio,NA,NA,NA,NA,NA,Unknown
Gary Condit,CA,18,2002,2002-03-05T00:00:00Z,C000670,14.6,CA SoS,2000,California,NA,NA,NA,NA,NA,Unknown
Cynthia McKinney,GA,4,2002,2002-08-20T00:00:00Z,M000523,16.6,GA SoS,2000,Georgia,NA,NA,NA,NA,NA,Unknown
Bob Barr,GA,7,2002,2002-08-20T00:00:00Z,B000169,29,GA SoS,2000,Georgia,NA,NA,NA,NA,NA,Unknown
Brian D. Kerns,IN,4,2002,2002-05-07T00:00:00Z,K000359,24.7,IN SoS,2000,Indiana,NA,NA,NA,NA,NA,Unknown
Lynn N. Rivers,MI,15,2002,2002-08-06T00:00:00Z,R000281,17.5,MI SoS,2000,Michigan,NA,NA,NA,NA,NA,Unknown
Frank Mascara,PA,12,2002,2002-05-21T00:00:00Z,M000212,28.4,FEC,2000,Pennsylvania,NA,NA,NA,NA,NA,Unknown
Michael Forbes,NY,1,2000,2000-09-12T00:00:00Z,F000257,0.3,FEC,1996,New York,24623116.038899135,20209870.933140595,49925553.929572426,0.49319665183152056,TRUE,Competitive
Merrill Cook,UT,2,2000,2000-06-27T00:00:00Z,C000722,17.7,FEC,1996,Utah,33106070.420773413,27172410.236393765,67125497.09701324,0.49319665183152106,TRUE,Competitive
Matthew G. Martinez,CA,31,2000,2000-03-07T00:00:00Z,M000206,37.2,CA SoS,1996,California,2324084.2874407996,1907534.5058975026,4712287.236359265,0.4931966518315208,TRUE,Competitive
Jay Kim,CA,41,1998,1998-06-02T00:00:00Z,K000181,22.9,CA SoS,1996,California,24925198.76870327,20457810.83525639,50538053.484632805,0.4931966518315218,TRUE,Competitive
Barbara-Rose Collins,MI,15,1996,1996-08-06T00:00:00Z,C000633,21,FEC,1992,Michigan,25534109.239022262,22159081.62089147,59505822.82957036,0.4291026999518027,FALSE,Safe
Greg Laughlin,TX,14,1996,1996-04-09T00:00:00Z,L000119,8.1,TX SoS,1992,Texas,868742837.2743248,753914822.6603276,2024556912.3007221,0.4291026999518026,FALSE,Safe
Mike Synar,OK,2,1994,1994-09-20T00:00:00Z,S001139,2.8,FEC,1992,Oklahoma,710065855.4978032,616211323.4848151,1654769022.841288,0.42910269995180284,FALSE,Safe
Lucien Blackwell,PA,2,1994,1994-05-10T00:00:00Z,B000517,16.1,FEC,1992,Pennsylvania,8651964.507934416,7508371.876915917,20162922.556549273,0.4291026999518036,FALSE,Safe
Craig Washington,TX,18,1994,1994-03-08T00:00:00Z,W000177,26.8,FEC,1992,Texas,4324719.094534793,3753089.7399299173,10078517.555402422,0.42910269995179984,FALSE,Safe
David Levy,NY,4,1994,1994-09-13T00:00:00Z,L000267,0.2,FEC,1992,New York,13772807.989748098,11952356.494476216,32096763.761437826,0.4291026999518011,FALSE,Safe
Bill Alexander,AR,1,1992,1992-05-26T00:00:00Z,A000103,24.6,AR SoS,1988,Arkansas,1184293072.2522302,1327692113.8835778,2537206982.8065815,0.466770381871723,TRUE,Competitive
Beryl Anthony Jr.,AR,4,1992,NA,A000213,NA,NA,1988,Arkansas,1135054961.9197807,1272492052.0723646,2431720190.4891353,0.4667703818717181,TRUE,Competitive
Robert Lagomarsino,CA,22,1992,1992-06-02T00:00:00Z,L000020,5.8,Pettigrew,1988,California,3855473.721213433,4322310.2244494725,8259893.667102833,0.46677038187172504,TRUE,Competitive
Charles Hatcher,GA,2,1992,1992-08-11T00:00:00Z,H000340,6.1,Pettigrew,1988,Georgia,1480423632.1121657,1659679371.2761052,3171631469.365642,0.46677038187172015,TRUE,Competitive
Ben Jones,GA,10,1992,1992-07-21T00:00:00Z,J000211,23,Pettigrew,1988,Georgia,709700872.387545,795634352.3088417,1520449668.5108538,0.46677038187172243,TRUE,Competitive
Charles Hayes,IL,1,1992,1992-03-17T00:00:00Z,H000388,3.1,Pettigrew,1988,Illinois,1870419.2573887464,2096897.259534182,4007150.689142795,0.4667703818717295,TRUE,Competitive
Gus Savage,IL,2,1992,1992-03-17T00:00:00Z,S000081,25,Pettigrew,1988,Illinois,3677868.8443098003,4123200.2237434755,7879396.35236004,0.4667703818717285,TRUE,Competitive
Marty Russo,IL,3,1992,1992-03-17T00:00:00Z,R000543,21.2,Pettigrew,1988,Illinois,5963945.376486311,6686084.238367392,12777043.291759746,0.46677038187172903,TRUE,Competitive
Terry L. Bruce,IL,19,1992,1992-03-17T00:00:00Z,B000971,23.6,Pettigrew,1988,Illinois,874644594.4936755,980550133.8885076,1873821965.7091055,0.4667703818717303,TRUE,Competitive
Dick Nichols,KS,4,1992,1992-08-04T00:00:00Z,N000094,11.6,Pettigrew,1988,Kansas,246830701.09906706,276717970.4009865,528805405.58140534,0.4667703818717289,TRUE,Competitive
Carroll Hubbard,KY,1,1992,1992-05-26T00:00:00Z,H000878,3.4,Pettigrew,1988,Kentucky,1184655641.1157792,1328098584.0658085,2537983743.452947,0.46677038187173164,TRUE,Competitive
Chester G. Atkins,MA,5,1992,1992-09-15T00:00:00Z,A000226,30.4,Pettigrew,1988,Massachusetts,32347492.20381716,36264258.661281556,69300652.8694157,0.466770381871727,TRUE,Competitive
Beverly Byron,MD,6,1992,1992-03-03T00:00:00Z,B001220,12.2,Pettigrew,1988,Maryland,281981458.18264186,316124924.70170516,604111719.8822801,0.466770381871734,TRUE,Competitive
Guy Vander Jagt,MI,2,1992,1992-08-04T00:00:00Z,V000027,5.5,Pettigrew,1988,Michigan,164693078.32378784,184634788.8245808,352835322.7198695,0.4667703818717279,TRUE,Competitive
Stephen Solarz,NY,12,1992,1992-09-15T00:00:00Z,S000673,5.6,Pettigrew,1988,New York,8371654.545942806,9385328.666719291,17935273.682903424,0.4667703818717292,TRUE,Competitive
Clarence E. Miller,OH,6,1992,1992-05-05T00:00:00Z,M000718,0.4,Pettigrew,1988,Ohio,539362644.2235551,604670875.8476118,1155520284.0007439,0.46677038187172826,TRUE,Competitive
Mickey Edwards,OK,5,1992,1992-08-25T00:00:00Z,E000077,10.7,Pettigrew,1988,Oklahoma,263728313.95635015,295661615.22988975,565006530.4032623,0.4667703818717268,TRUE,Competitive
Joseph P. Kolter,PA,4,1992,1992-04-28T00:00:00Z,K000307,25.9,Pettigrew,1988,Pennsylvania,197120593.2206877,220988759.65341815,422307414.6869411,0.46677038187173275,TRUE,Competitive
Harley O. Staggers Jr.,WV,1,1992,1992-05-12T00:00:00Z,S000779,23,Pettigrew,1988,West Virginia,642232086.5465895,719996170.347684,1375905823.268532,0.4667703818717298,TRUE,Competitive
Buz Lukens,OH,8,1990,1990-05-08T00:00:00Z,L000509,32.2,Pettigrew,1988,Ohio,300761941.36884063,337179425.48825467,644346670.3324199,0.4667703818717289,TRUE,Competitive
Ernie Konnyu,CA,12,1988,1988-06-07T00:00:00Z,K000309,16.3,Pettigrew,1984,California,49001022.4716948,69505172.2568378,119353347.24324109,0.41055423750982983,FALSE,Safe
Neil Abercrombie,HI,1,1986,1986-09-20T00:00:00Z,A000014,1,Pettigrew,1984,Hawaii,0,0,0,NA,NA,Unknown
Alton Waldon,NY,6,1986,1986-09-09T00:00:00Z,W000038,7.3,Pettigrew,1984,New York,16725426.23860634,23724068.869275037,40738652.07201997,0.4105542375098281,FALSE,Safe
Mark D. Siljander,MI,4,1986,1986-08-05T00:00:00Z,S000409,9.1,Pettigrew,1984,Michigan,262981302.69083542,373024068.1082298,640551914.1293466,0.4105542375098291,FALSE,Safe
Katie Hall,IN,1,1984,1984-05-08T00:00:00Z,H000058,1.8,Pettigrew,1980,Indiana,NA,NA,NA,NA,NA,Unknown
Frank Harrison,PA,11,1984,1984-04-10T00:00:00Z,H000269,3.8,Pettigrew,1980,Pennsylvania,NA,NA,NA,NA,NA,Unknown
Abraham Kazen,TX,23,1984,1984-05-05T00:00:00Z,K000025,21.9,Pettigrew,1980,Texas,NA,NA,NA,NA,NA,Unknown
Wayne R. Grisham,CA,33,1982,1982-06-08T00:00:00Z,G000480,14.7,Pettigrew,1980,California,NA,NA,NA,NA,NA,Unknown
Billy Lee Evans,GA,8,1982,1982-08-10T00:00:00Z,E000233,5.6,Pettigrew,1980,Georgia,NA,NA,NA,NA,NA,Unknown
John G. Fary,IL,5,1982,1982-03-16T00:00:00Z,F000040,25.1,Pettigrew,1980,Illinois,NA,NA,NA,NA,NA,Unknown
Ed Derwinski,IL,4,1982,1982-03-16T00:00:00Z,D000269,5.6,Pettigrew,1980,Illinois,NA,NA,NA,NA,NA,Unknown
Tom Railsback,IL,17,1982,1982-03-16T00:00:00Z,R000012,2.3,Pettigrew,1980,Illinois,NA,NA,NA,NA,NA,Unknown
David W. Evans,IL,11,1982,1982-05-04T00:00:00Z,E000239,25.2,Pettigrew,1980,Illinois,NA,NA,NA,NA,NA,Unknown
Gary A. Lee,NY,27,1982,1982-09-23T00:00:00Z,L000192,0.9,Pettigrew,1980,New York,NA,NA,NA,NA,NA,Unknown
Ronald M. Mottl,OH,19,1982,1982-06-08T00:00:00Z,M001044,1.4,Pettigrew,1980,Ohio,NA,NA,NA,NA,NA,Unknown
Joseph F. Smith,PA,1,1982,1982-05-18T00:00:00Z,S000579,3.7,Pettigrew,1980,Pennsylvania,NA,NA,NA,NA,NA,Unknown
Donald A. Bailey,PA,12,1982,1982-05-18T00:00:00Z,B000037,13.4,Pettigrew,1980,Pennsylvania,NA,NA,NA,NA,NA,Unknown
John Hall Buchanan Jr.,AL,6,1980,1980-03-11T00:00:00Z,B001008,10.7,Pettigrew,1976,Alabama,28410756.8610153,27381886.189967357,56878964.287284255,0.4994949752867907,TRUE,Competitive
Charles H. Wilson,CA,31,1980,1980-06-03T00:00:00Z,W000571,33.8,Pettigrew,1976,California,1648921.950559726,1589207.686625211,3301178.2543217265,0.49949497528679204,TRUE,Competitive
Richard Kelly,FL,5,1980,1980-03-11T00:00:00Z,K000077,25,Pettigrew,1976,Florida,247189132.01783776,238237394.14689362,494878115.39227235,0.499494975286793,TRUE,Competitive
Edward J. Stack,FL,12,1980,1980-03-11T00:00:00Z,S000772,16.9,Pettigrew,1976,Florida,22215724.07151242,21411201.085902106,44476371.476523764,0.49949497528679204,TRUE,Competitive
Bennett Stewart,IL,1,1980,1980-03-18T00:00:00Z,S000902,30.8,Pettigrew,1976,Illinois,1008705.9215366645,972176.5202448062,2019451.58899247,0.49949497528679093,TRUE,Competitive
Robert B. Duncan,OR,3,1980,1980-05-20T00:00:00Z,D000537,20.1,Pettigrew,1976,Oregon,48672928.336921215,46910280.87614254,97444280.21317963,0.49949497528679015,TRUE,Competitive
John B. Breckinridge,KY,6,1978,1978-05-23T00:00:00Z,B000788,1.4,Pettigrew,1976,Kentucky,597398915.5801716,575764637.191773,1196005856.1893783,0.49949497528679165,TRUE,Competitive
Ted Risenhoover,OK,2,1978,1978-08-22T00:00:00Z,R000268,7.2,Pettigrew,1976,Oklahoma,630970425.8492439,608120384.6261005,1263216763.0654655,0.49949497528679027,TRUE,Competitive
Robert N. C. Nix Sr.,PA,2,1978,1978-05-16T00:00:00Z,N000113,18.5,Pettigrew,1976,Pennsylvania,7706427.525744482,7427346.003960915,15428438.536983743,0.4994949752867919,TRUE,Competitive
John Andrew Young,TX,14,1978,1978-05-06T00:00:00Z,Y000043,4.8,Pettigrew,1976,Texas,380564812.96050614,366782991.6453144,761899181.7525269,0.4994949752867929,TRUE,Competitive
Dale Milford,TX,24,1978,1978-05-06T00:00:00Z,M000708,10.1,Pettigrew,1976,Texas,18274543.49947826,17612746.915691923,36586040.7083889,0.4994949752867914,TRUE,Competitive
Andrew J. Hinshaw,CA,40,1976,1976-06-08T00:00:00Z,H000638,25.3,Pettigrew,1972,California,NA,NA,NA,NA,NA,Unknown
Ray Madden,IN,1,1976,1976-05-04T00:00:00Z,M000039,21.7,Pettigrew,1972,Indiana,18608975.35210961,29830422.57838775,49327525.289507195,0.3772533741129733,FALSE,Safe
Otto Passman,LA,5,1976,1976-05-01T00:00:00Z,P000098,5.8,Pettigrew,1972,Louisiana,492089156.21427494,788825134.02061,1304399615.6994314,0.37725337411297233,FALSE,Safe
Orval H. Hansen,ID,2,1974,1974-08-06T00:00:00Z,H000175,50.4,Pettigrew,1972,Idaho,660425327.091911,1058670142.5443294,1750614765.592905,0.37725337411297083,FALSE,Safe
Frank Stubblefield,KY,1,1974,1974-05-28T00:00:00Z,S001037,1.1,Pettigrew,1972,Kentucky,632907606,1014558888,1677672486,0.3772533741129733,FALSE,Safe
John Rarick,LA,6,1974,1974-08-17T00:00:00Z,R000065,NA,NA,1972,Louisiana,155974256.19837025,250028703.12360477,413446948.128983,0.37725337411297316,FALSE,Safe
Bertram L. Podell,NY,13,1974,1974-09-10T00:00:00Z,P000399,10.2,Pettigrew,1972,New York,4088347.032705248,6553671.941903512,10837138.41478043,0.3772533741129744,FALSE,Safe
Lawrence G. Williams,PA,7,1974,1974-05-21T00:00:00Z,W000525,3.6,Pettigrew,1972,Pennsylvania,12663889.014682557,20300374.074650846,33568656.72695134,0.3772533741129735,FALSE,Safe
Robert Tiernan,RI,2,1974,1974-09-10T00:00:00Z,T000265,3.5,Pettigrew,1972,Rhode Island,71608455.74811573,114789259.20066369,189815282.41195127,0.3772533741129743,FALSE,Safe
Glenn Robert Davis,WI,9,1974,1974-09-10T00:00:00Z,D000102,14.3,Pettigrew,1972,Wisconsin,36657536.88576495,58762494.72603221,97169540.15840647,0.3772533741129738,FALSE,Safe
John W. Davis,GA,7,1974,1974-08-13T00:00:00Z,D000122,3.1,Pettigrew,1972,Georgia,385248108,617557584,1021191948,0.3772533741129733,FALSE,Safe
George Elliott Hagan,GA,1,1972,1972-03-14T00:00:00Z,H000010,3.9,Pettigrew,1968,Georgia,591880140,598541700,1372128740,0.43135904288397897,FALSE,Safe
George P. Miller,CA,8,1972,1972-06-06T00:00:00Z,M000727,34.2,Pettigrew,1968,California,11630234.041670142,11761131.324154792,26961841.263168614,0.4313590428839774,FALSE,Safe
John G. Schmitz,CA,39,1972,1972-06-06T00:00:00Z,S000133,2.7,Pettigrew,1968,California,NA,NA,NA,NA,NA,Unknown
Jack H. McDonald,MI,19,1972,1972-05-16T00:00:00Z,M000410,17.4,Pettigrew,1968,Michigan,13143506.513873091,13291435.547701726,30469991.833249327,0.43135904288397914,FALSE,Safe
Walter S. Baring Jr.,NV,1,1972,1972-06-06T00:00:00Z,B000141,6.6,Pettigrew,1968,Nevada,NA,NA,NA,NA,NA,Unknown
Cornelius Gallagher,NJ,14,1972,1972-06-06T00:00:00Z,G000016,35.5,Pettigrew,1968,New Jersey,22338336.87756457,22589752.93523142,51785947.799343824,0.4313590428839775,FALSE,Safe
Emanuel Celler,NY,16,1972,1972-06-20T00:00:00Z,C000264,1.8,Pettigrew,1968,New York,31154104.91531279,31504741.682986137,72223140.85969493,0.43135904288397886,FALSE,Safe
James H. Scheuer,NY,22,1972,1972-06-20T00:00:00Z,S000124,9.8,Pettigrew,1968,New York,7691399.556080409,7777965.595661998,17830620.878276378,0.43135904288398,FALSE,Safe
James A. Byrne,PA,3,1972,1972-04-25T00:00:00Z,B001212,18.3,Pettigrew,1968,Pennsylvania,6108858.256114999,6177612.929661918,14161887.543315176,0.4313590428839804,FALSE,Safe
William Sheldrick Conover,PA,22,1972,1972-04-25T00:00:00Z,C000702,11.8,Pettigrew,1968,Pennsylvania,147970035,149635425,343032185,0.43135904288397897,FALSE,Safe
John L. McMillan,SC,6,1972,1972-05-02T00:00:00Z,M000568,NA,Pettigrew,1968,South Carolina,266346063,269343765,617457933,0.43135904288397897,FALSE,Safe
James Kee,WV,4,1972,1972-05-09T00:00:00Z,K000038,26.5,Pettigrew,1968,West Virginia,384722091,389052105,891883681,0.43135904288397897,FALSE,Safe
Jeffery Cohelan,CA,7,1970,1970-06-02T00:00:00Z,C000596,9.7,Pettigrew,1968,California,11309046.140538177,11436328.480857892,26217245.99750639,0.43135904288397864,FALSE,Safe
Byron G. Rogers,CO,1,1970,1970-09-08T00:00:00Z,R000389,0.1,Pettigrew,1968,Colorado,34570557.40078771,34959646.046942875,80143346.87330486,0.43135904288398147,FALSE,Safe
George Hyde Fallon,MD,4,1970,1970-09-15T00:00:00Z,F000012,5.4,Pettigrew,1968,Maryland,11750871.436527018,11883126.482500894,27241509.434838932,0.43135904288397947,FALSE,Safe
Samuel Friedel,MD,7,1970,1970-09-15T00:00:00Z,F000384,0.05,Pettigrew,1968,Maryland,14136997.0680658,14296107.752517387,32773155.68383282,0.43135904288398014,FALSE,Safe
Philip J. Philbin,MA,3,1970,1970-09-15T00:00:00Z,P000303,10.4,Pettigrew,1968,Massachusetts,11816456.727832228,11949449.930611175,27393552.825112384,0.43135904288398014,FALSE,Safe
Glenn Cunningham,NE,2,1970,1970-05-12T00:00:00Z,C000991,12.1,Pettigrew,1968,Nebraska,118376028,119708340,274425748,0.43135904288397897,FALSE,Safe
Adam Clayton Powell Jr.,NY,18,1970,1970-06-23T00:00:00Z,P000477,0.6,Pettigrew,1968,New York,7664308.018312314,7750569.144969605,17767815.801589128,0.4313590428839784,FALSE,Safe
Leonard Farbstein,NY,19,1970,1970-06-23T00:00:00Z,F000015,11,Pettigrew,1968,New York,6785845.729265782,6862219.838517452,15731316.733032892,0.4313590428839784,FALSE,Safe
Jacob H. Gilbert,NY,22,1970,1970-06-23T00:00:00Z,G000175,13.7,Pettigrew,1968,New York,7691399.556080409,7777965.595661998,17830620.878276378,0.43135904288398,FALSE,Safe
Michael A. Feighan,OH,20,1970,1970-05-05T00:00:00Z,F000060,24.5,Pettigrew,1968,Ohio,8469212.62731994,8564532.886029156,19633789.45459562,0.43135904288397964,FALSE,Safe
Barratt O'Hara,IL,2,1968,1968-06-11T00:00:00Z,O000053,34.4,Pettigrew,1964,Illinois,3344639.6543132965,2087113.1918770527,5458131.277099054,0.6127810938418727,FALSE,Safe
Edwin E. Willis,LA,3,1968,1968-08-17T00:00:00Z,W000559,NA,Pettigrew,1964,Louisiana,325977472,203415600,531963984,0.6127810938418718,FALSE,Safe
Edna F. Kelly,NY,10,1968,1968-06-18T00:00:00Z,K000070,23.8,Pettigrew,1964,New York,6954265.050958314,4339582.085904752,11348693.882440276,0.6127810938418721,FALSE,Safe
William Henry Harrison III,WY,1,1968,1968-08-20T00:00:00Z,H000278,2.2,Pettigrew,1964,Wyoming,NA,NA,NA,NA,NA,Unknown
J. Russell Tuten,GA,8,1966,1966-09-13T00:00:00Z,T000436,18,Pettigrew,1964,Georgia,814943680,508539000,1329909960,0.6127810938418718,FALSE,Safe
D.R. Matthews,FL,2,1966,1966-05-03T00:00:00Z,M000253,7.7,Pettigrew,1964,Florida,40747184,25426950,66495498,0.6127810938418718,FALSE,Safe
Ralph Harvey,IN,10,1966,1966-05-03T00:00:00Z,H000310,11.4,Pettigrew,1964,Indiana,407471840,254269500,664954980,0.6127810938418718,FALSE,Safe
James H. Morrison,LA,6,1966,1966-09-24T00:00:00Z,M000995,2.4,Pettigrew,1964,Louisiana,488966208,305123400,797945976,0.6127810938418718,FALSE,Safe
Joseph W. Martin Jr.,MA,10,1966,1966-09-13T00:00:00Z,M000191,11.7,Pettigrew,1964,Massachusetts,36158362.25045443,22563445.587410215,59006980.8188063,0.6127810938418712,FALSE,Safe
Tom J. Murray,TN,7,1966,1966-08-04T00:00:00Z,M001114,0.5,Pettigrew,1964,Tennessee,448219024,279696450,731450478,0.6127810938418718,FALSE,Safe
Lindley Beckworth,TX,4,1966,1966-05-07T00:00:00Z,B000296,12.3,Pettigrew,1964,Texas,285230288,177988650,465468486,0.6127810938418718,FALSE,Safe
Howard W. Smith,VA,8,1966,1966-07-12T00:00:00Z,S000554,1.2,Pettigrew,1964,Virginia,896438048,559392900,1462900956,0.6127810938418718,FALSE,Safe
Carl Elliott,AL,7,1964,1964-06-02T00:00:00Z,E000120,NA,Pettigrew,1960,Alabama,NA,NA,NA,NA,NA,Unknown
Gillis William Long,LA,8,1964,NA,L000417,7.9,Pettigrew,1960,Louisiana,NA,NA,NA,NA,NA,Unknown
Harold M. Ryan,MI,14,1964,1964-09-01T00:00:00Z,R000556,4.8,Pettigrew,1960,Michigan,NA,NA,NA,NA,NA,Unknown
John Lesinski Jr.,MI,16,1964,1964-09-01T00:00:00Z,L000252,9.2,Pettigrew,1960,Michigan,NA,NA,NA,NA,NA,Unknown
James C. Healey,NY,21,1964,1964-06-02T00:00:00Z,H000424,5.9,Pettigrew,1960,New York,NA,NA,NA,NA,NA,Unknown
Charles A. Buckley,NY,23,1964,1964-06-02T00:00:00Z,B001024,7.8,Pettigrew,1960,New York,NA,NA,NA,NA,NA,Unknown
Victor Wickersham,OK,6,1964,1964-05-26T00:00:00Z,W000439,NA,Pettigrew,1960,Oklahoma,NA,NA,NA,NA,NA,Unknown
Clifford Davis,TN,9,1964,1964-08-06T00:00:00Z,D000094,8.8,Pettigrew,1960,Tennessee,NA,NA,NA,NA,NA,Unknown
James C. Davis,GA,5,1962,1962-09-12T00:00:00Z,D000109,1.3,Pettigrew,1960,Georgia,NA,NA,NA,NA,NA,Unknown
Frank W. Boykin,AL,1,1962,1962-05-29T00:00:00Z,B000725,19.8,Pettigrew,1960,Alabama,NA,NA,NA,NA,NA,Unknown
Walter L. McVey Jr.,KS,5,1962,1962-08-07T00:00:00Z,M000608,0.4,Pettigrew,1960,Kansas,NA,NA,NA,NA,NA,Unknown
Harold B. McSween,LA,8,1962,1962-08-17T00:00:00Z,M000605,11.4,Pettigrew,1960,Louisiana,NA,NA,NA,NA,NA,Unknown
Peter A. Garland,ME,1,1962,1962-06-18T00:00:00Z,G000069,23.3,Pettigrew,1960,Maine,NA,NA,NA,NA,NA,Unknown
H. Carl Andersen,MN,6,1962,1962-09-11T00:00:00Z,A000179,27.4,Pettigrew,1960,Minnesota,NA,NA,NA,NA,NA,Unknown
Frank Ellis Smith,MS,2,1962,1962-06-05T00:00:00Z,S000533,23,Pettigrew,1960,Mississippi,NA,NA,NA,NA,NA,Unknown
Phil Weaver,NE,1,1962,1962-05-15T00:00:00Z,W000228,5.5,Pettigrew,1960,Nebraska,NA,NA,NA,NA,NA,Unknown
Herbert Zelenko,NY,20,1962,1962-09-11T00:00:00Z,Z000003,17.8,Pettigrew,1960,New York,NA,NA,NA,NA,NA,Unknown
Edwin B. Dooley,NY,26,1962,1962-09-11T00:00:00Z,D000425,8.8,Pettigrew,1960,New York,NA,NA,NA,NA,NA,Unknown
Carroll D. Kearns,PA,24,1962,1962-05-15T00:00:00Z,K000032,2.1,Pettigrew,1960,Pennsylvania,NA,NA,NA,NA,NA,Unknown
James B. Frazier Jr.,TN,3,1962,1962-08-02T00:00:00Z,F000353,0.4,Pettigrew,1960,Tennessee,NA,NA,NA,NA,NA,Unknown
Prince H. Preston Jr.,GA,1,1960,1960-09-14T00:00:00Z,P000516,1,Pettigrew,1956,Georgia,442988712,612198972,1060411014,0.4177518963415821,FALSE,Safe
A. S. J. Carnahan,MO,8,1960,1960-08-02T00:00:00Z,C000162,15.7,Pettigrew,1956,Missouri,467599196,646210026,1119322737,0.4177518963415821,FALSE,Safe
Ludwig Teller,NY,20,1960,1960-09-13T00:00:00Z,T000118,16.4,Pettigrew,1956,New York,3818868.1135464394,5277577.215820154,9141474.03516239,0.41775189634158394,FALSE,Safe
Toby Morris,OK,6,1960,1960-07-05T00:00:00Z,M000991,0.5,Pettigrew,1956,Oklahoma,566041132,782254242,1354969629,0.4177518963415821,FALSE,Safe
John A. Lafore Jr.,PA,13,1960,1960-04-26T00:00:00Z,L000018,6.6,Pettigrew,1956,Pennsylvania,24610484,34011054,58911723,0.4177518963415821,FALSE,Safe
Noble Jones Gregory,KY,1,1958,1958-05-27T00:00:00Z,G000447,1,NA,1956,Kentucky,418378228,578187918,1001499291,0.4177518963415821,FALSE,Safe
Alfred Sieminski,NJ,13,1958,1958-04-15T00:00:00Z,S000405,30.4,NA,1956,New Jersey,8203418.538236175,11336912.792472951,19637058.76640353,0.41775189634158266,FALSE,Safe
Edward J. Robeson Jr.,VA,1,1958,NA,R000329,39.5,NA,1956,Virginia,417431812.6416027,576879996.3898082,999233794.7408935,0.41775189634158133,FALSE,Safe
Ruth Thompson,MI,9,1956,1956-08-07T00:00:00Z,T000216,NA,NA,1952,Michigan,285238888,357426641,645883502,0.44162590794895396,FALSE,Safe
R. Thurmond Chatham,NC,5,1956,1956-05-26T00:00:00Z,C000336,10.8,Pettigrew,1952,North Carolina,181515656,227453317,411016774,0.44162590794895396,FALSE,Safe
Frank Ertel Carlyle,NC,7,1956,1956-05-26T00:00:00Z,C000156,19.3,Pettigrew,1952,North Carolina,181515656,227453317,411016774,0.44162590794895396,FALSE,Safe
Charles B. Deane,NC,8,1956,1956-05-26T00:00:00Z,D000175,9.5,Pettigrew,1952,North Carolina,311169696,389919972,704600184,0.44162590794895396,FALSE,Safe
Victor Wickersham,OK,6,1956,1956-07-03T00:00:00Z,W000439,3.2,Pettigrew,1952,Oklahoma,233377272,292439979,528450138,0.44162590794895396,FALSE,Safe
John J. Bell,TX,14,1956,1956-07-28T00:00:00Z,B000342,23.8,Pettigrew,1952,Texas,492685352,617373289,1115616958,0.44162590794895396,FALSE,Safe
